id,බ්ප්,mrp,sp,category
104,සීනි,240,205,
54,පිටි,200,160,
56,මිරිස් කුඩු,1800,1425,
283,කහ කුඩු,3800,3200,
297,තුනපහ,1600,1360,
55,මිරිස් කරල්,1050,960,
120,පරිප්පු,320,280,
295,බිත්තර,50,39,
4.80E+12,ගිනි පෙට්ටි,20,20,
4.79E+12,නෙස්ටමෝල්ට් 600,1320,1310,
4.79E+12,නෙස්ටමෝල්ට් 400,990,830,
4.79E+12,නෙස්ටමෝල්ට් 175,490,485,
4.79E+12,ඇන්කර් 400,1080,1070,
8.89E+12,නයිස් 200,220,220,
8.89E+12,චොක්ලට් මාරි,400,390,
8.89E+12,හවායින් ලොකු,240,235,
8.89E+12,මාරි ලොකු,220,215,
8.89E+12,චො මාරි,100,100,
8.89E+12,ජින්ජර් බිස්කට්,120,120,
8.89E+12,ජින්ජර් බිස්කට් ලො,420,410,
8.89E+12,මාරි,50,50,
4.79E+12,ගොල්ඩ් මාරි,90,90,
4.79E+12,ටිකිරි මාරි ,230,230,
8.89E+12,කැකර්,140,140,
8.89E+12,කැකර්,480,470,
4.79E+12,වේපස්,480,470,
8.89E+12,ටිපින්,190,190,
8.89E+12,ජින්ජර්,220,220,
8.89E+12,ක්රන්ච් බිස්කට්,200,200,
8.89E+12,මිල්ක් බිස්කට්,230,230,
8.89E+12,ක්රන්ච්,100,100,
8.89E+12,නයිස් පොඩි,110,110,
8.89E+12,චීස් බටන් පැකට්,50,50,
53,සුදු ලූණු,700,430,
280,තේ කුඩු,1900,1700,
4.80E+12,මාගම් සෝයා,100,100,
4.80E+12,උම්මලකඩ සෝයා,150,150,
4.79E+12,රයිගම් ඩෙවල්,180,180,
4.80E+12,ලංකා සෝයි,180,180,
281,සෝයා 1,70,70,
8.72E+12,ලාඹ්ජී 100,310,310,
8.72E+12,ලාඹ්ජී 200,620,560,
8.72E+12,ලාඹ්ජී 50,155,155,
4.79E+12,අපේ තේ ,50,50,
4.79E+12,කොටගල 200,480,470,
4.79E+12,වටවල 100,280,280,
4.79E+12,කොටගල 50,120,120,
8.72E+12,ලාඹ්ජී 25,60,60,
4.79E+12,රන් කහට,100,100,
4.80E+12,සිලොන්ටා 50,190,190,
282,සෝයා 2,60,60,
455,බනිස්,100,100,
450,මික්සර් බයිට්,900,650,
261,කාඩ් 50,50,48.5,
262,කාඩ් 100,100,96.5,
263,ඩේටා කාඩ්,58,56.5,
154,ටොපි,750,600,
174,සෙන්ටර් ෂුට්,1100,950,
437,බඩී ෂොපින්,500,100,
438,2 ෂොපින්,400,220,
442,ගොසරි ,800,340,
396,ඉදල,250,220,
498,පහන්තිර,50,50,
513,ඉටිපන්දම්,10,10,
510,දැහැත් පැකට්,20,20,
558,ප්ලාස්ටික් කොසු,400,390,
107,ලයිප්බෝයි සබන්,160,155,
106,සන්ලයිට්,150,145,
109,ලක්ස්,125,120,
110,වෙල්වට් සබන්,130,125,
4.79E+12,ෂෙරමි සබන්,145,140,
4.79E+12,ෂෙරමි පැක්,725,680,
4.79E+12,ෂෙරමි පැක්,435,385,
4.79E+12,පෙයාස් සබන්,145,140,
4.80E+12,විම් කැට ,135,135,
4.80E+12,විම් පැක්,210,180,
4.80E+12,විම් කැට ,40,40,
4.80E+12,විම් දියර,285,285,
4.80E+12,විම් 70,70,64.5,
4.80E+12,විම් ලොකු,265,265,
4.79E+12,වොන්ඩලයිටි ,120,120,
4.79E+12,ලයිප්බොයි පැක්,250,245,
4.79E+12,ලයිප්බොයි පොඩි,85,85,
125,කැලින් සබන්,125,120,
4.79E+12,රාණී සබන්,125,120,
4.80E+12,ඩෙල්මාලයිටි,100,100,
4.79E+12,කොහොඹ බේබි,140,140,
112,ඩෙටෝල් සබන්,150,145,
4.80E+12,සන්ලයිටි කුඩු,430,420,
4.80E+12,සන්ලයිටි කුඩු,120,120,
4.80E+12,සන්ලයිටි කුඩු,25,25,
4.79E+12,දීවා කිලෝ,480,470,
4.79E+12,දීවා 400,220,220,
4.79E+12,දීවා 120,120,120,
115,සබන් කුඩු,400,380,
4.80E+12,සුපෝෂ ලොකු,620,610,
4.80E+12,සුපෝෂ,220,220,
4.79E+12,සමපෝෂ,175,175,
4.79E+12,සමපෝෂ ලොකු,400,400,
430,විස්කිරින්නා,120,100,
555,පෙති පාන්,120,120,
4.79E+12,සැමන් රතු,625,480,
284,කරුංකා,1600,1400,
651,හෙයා ඩයි,100,100,
387,චම්පිකා,6000,4900,
388,මුන්ලයිටි,6000,4950,
751,තොරා බීඩි,5200,4100,
424,කලු සුරුට්ටු,20,20,
434,රටඉදි,1200,900,
433,මිදි,2000,1600,
654,විනාකිරි,100,100,
100,ලුනු කැට,180,170,
102,ලුනු කුඩු,120,110,
296,කෑලි මිරිස්,2000,1700,
252,ගොරකා,650,480,
256,ගමම්රිස් ,2800,2480,
590,ගම්මිරිස් කුඩු,1800,1600,
253,උලුහාල්,650,480,
255,අබ,800,490,
544,කලවම්,1500,1400,
250,සූදුරු,2000,1620,
251,මහදුරු,2000,1260,
254,කොත්තමල්ලි,800,430,
152,නෙස්පේ,25,25,
460,එනසාල්,18000,16000,
461,කරාබු,8000,6000,
462,කුරුදු,6500,6000,
305,හකුරු,450,280,
400,පපඩම්,1000,720,
516,නූඩ්ල්ස්,480,420,
259,හාල් පිටි,320,292,
201,නාඩු හාල්,230,222,
220,පොල්තෙල් කිලෝ,1050,860,
221,පොල්තෙල් බෝතල්,760,700,
222,පොල්තෙල් ලීටර්,800,770,
126,මුං ඇට,1000,900,
124,කඩල,800,600,
122,වටානා,300,240,
205,සම්බා,250,245,
202,කැකුලු හාල්,220,210,
50,අල,240,210,
51,බි ලූණු ,260,190,
755,බිස්කට් කුඩු,800,600,
754,සව්,800,600,
285,ඉටිරෙදි,600,500,
390,කෝපි පැකට්,50,50,
4.79E+12,කෑලි මිරිස්,95,95,
4.79E+12,මස්කරි,135,135,
4.79E+12,ගම්මිරිස් කුඩු,225,225,
4.79E+12,තුනපහ පැකට්,85,85,
4.80E+12,කහ පැකට්,145,145,
825,කුකුල් මස්,1400,1180,
200,පැනි බීම,300,275,
199,බීම බෝතල්,100,100,
218,කිරි පිටි,800,700,
217,චොක්ලට්,80,60,
456,යෝගට්,70,55,
216,නූඩ්ල්ස්,500,460,
900,ගෑස්,3780,3780,
1000,සිගරට්,3200,3110,
950,වතුර බෝතල්,100,100,
940,බයිටි,800,700,
930,ටොපි බෝතල්,1000,800,
500,පැනඩෝල්,502,475,
444,පෙති පාන්,220,200,
4.79E+12,මොරිසන්,230,230,
4.79E+12,අසමෝදගම්,200,200,
4.80E+12,සප්තමී,150,145,
4.79E+12,ක්ලෝසප් පොඩි,125,125,
4.79E+12,ක්ලෝසප් ලොකු,375,370,
4.79E+12,ආයුෂ් ලොකු,345,345,
4.79E+12,ආයුෂ් පොඩි,230,230,
4.79E+12,ක්ලෝගාඩ් ලොකු,435,360,
4.79E+12,ක්ලෝගාඩ් ,200,200,
4.79E+12,ක්ලෝගාඩ් පොඩි,125,125,
4.79E+12,සුපිරිවිකි,275,275,
4.79E+12,සුදන්ත පොඩි,135,135,
4.79E+12,සුදන්ත,220,220,
4.79E+12,සිග්නල්,250,250,
4.79E+12,සිග්නල් පොඩි,200,200,
4.79E+12,සිග්නල් පොඩී,125,113.5,
8.90E+12,සෙන්සොඩයින්,850,840,
4.79E+12,සුපිරිවිකි,135,135,
4.79E+12,සිග්නල් හර්බල්,110,110,
4.79E+12,ආයුෂ්,115,115,
995,සැමන්,560,460,
4.80E+12,සිග්නල් බූෂ්,105,105,
4.79E+12,සි්ග්නල් බූෂ්,130,130,
4.79E+12,පෙයාස් සබන්,145,143,
4.79E+12,ලක්ස් පැක්,250,250,
4.79E+12,ආයුෂ් සබන්,225,225,
4.79E+12,සන්ලයිටි පැක්,420,420,
4.79E+12,සන්ලයිටි පැක්,420,420,
4.80E+12,වොන්ඩලයිටි ,80,80,
4.79E+12,මිෂුමි සබන්,200,200,
4.79E+12,සමහන් ,1800,1600,
8.90E+12,කම්ෂ්ර්ට් පොඩි,150,150,
8.90E+12,කම්ෂ්ර්ට් පොඩි,150,150,
4.79E+12,ඉනෝ,65,65,
4.79E+12,නින්ජා දගර,180,180,
4.79E+12,සන්සිල්ක් ෂැම්පු,335,335,
4.79E+12,සන්සිල්ක් ෂැම්පු,335,335,
4.79E+12,ලයිෂ්බෝයි ෂැම්පු,300,300,
8.90E+12,කම්ෂර්ට්,390,390,
8.90E+12,කම්ෂර්ට් ,390,390,
52,රතු ලූණූ,400,320,
4.79E+12,විජය තේ 100,280,280,
4.79E+12,හෙන්ඩ්රික් තේ,110,110,
4.79E+12,වටවල 50,140,140,
4.79E+12,සෙස්ටා තේ,320,320,
5.06E+12,සිලොන්ටා ,345,320,
9.07E+12,හැපිකව් චීස්,110,100,
4.80E+12,ගිනි පෙට්ටි,10,10,
4.79E+12,පැනඩෝල්,502,450,
4.79E+12,කහ පැන්සල,20,20,
4.79E+12,බීම කුඩු ,190,190,
4.79E+12,බීම කුඩු ,190,190,
4.80E+12,කෝල්මන්ස් පෙට්ටි,695,685,
4.80E+12,කෝල්මන්ස් ,260,260,
4.80E+12,බීම කුඩු,395,390,
4.79E+12,සැමන් පොඩි,375,290,
4.80E+12,සුපිරි සැමන්,650,550,
512,හාල්මැස්සො,1400,950,
4.79E+12,රත්ති පැකට්,555,550,
4.79E+12,නෙස්කපේ පැකට්,80,80,
4.79E+12,රටඉදි කේක්,690,690,
4.79E+12,සන්කුයික් පොඩි,660,660,
4.79E+12,සන්කුයික් ලොකු,1310,1310,
4.80E+12,කෑලි මිරිස්,80,80,
4.80E+12,කෑලි මිරිස් 100,160,160,
4.80E+12,තුනපහ පැකට් 50,90,90,
4.79E+12,මිරිස් කුඩු,80,80,
4.80E+12,ගම්මිරිස් කුඩු,230,230,
4.79E+12,තුනපහ 250,425,425,
4.79E+12,මිරිස් කුඩු 250,400,400,
4.79E+12,කෑලි මිරිස් 250,400,400,
4.79E+12,උම්මලකඩ සම්බෝල,55,55,
4.79E+12,චොක්ලට් පින්ගර්ස්,100,100,
4.79E+12,චොක්ලට් පින්ගර්ස්,160,160,
4.79E+12,චොක්ලට් පින්ගර්ස්,230,230,
4.79E+12,චන්කි චොක්,250,250,
4.79E+12,30 චොක්ලට්,30,30,
4.79E+12,ස්ටික් පෙට්ටි,120,120,
4.79E+12,ස්ටික් පෙට්ටි,120,120,
4.79E+12,ස්ටික් පෙට්ටි,120,120,
4.79E+12,චොක්ලට්,100,100,
4.79E+12,ස්ටික්,40,40,
4.79E+12,ස්ටික්,40,40,
4.79E+12,පෙබල්ස්,420,420,
4.79E+12,පොපිට්,60,60,
4.79E+12,චොකෝ නට්,420,420,
4.79E+12,පොපිට්,350,350,
4.79E+12,චන්කි චොක්,120,120,
470,පත්තර,320,230,
3.09E+12,බික් රේසර් 2,140,105,
3.09E+12,බික් රේසර් 1,120,120,
3.09E+12,බික් රේසර් 3,240,240,
8.90E+12,ජිලට් රේසර්,150,150,
4.79E+12,පොඩි බැටරි,125,125,
397,සෙවන සුරුට්ටු,1000,825,
783,බබර චකු,20,15,
780,නිලාකූරු පෙට්ටි,100,100,
457,අහස් කූරු,2000,1100,
534,රතික්‍්නා කරල්,550,400,
562,අජිනමොටෝ,650,600,
436,ගීන්පීස්,800,600,
432,ගීන්පීස්,600,600,
395,කොස්ස,350,350,
491,හැට්ට කටු,10,10,
4.80E+12,කුකින් ඹයිල්,810,650,
4.80E+12,ගොරකා කීම්,80,80,
4.79E+12,සුප් කැට,90,90,
4.79E+12,ජෑම් බෝතල්,290,290,
4.79E+12,චට්නි,325,325,
4.79E+12,ජෑම් බෝතල්,290,290,
4.79E+12,සුප් කැට,325,325,
4.79E+12,පොල් පැනි,400,400,
4.79E+12,පොල් පැනි,250,250,
4.80E+12,සෝයා සෝස්,230,230,
4.79E+12,ජෑම් කප්,110,110,
4.79E+12,තක්කාලි සෝස්,290,290,
4.80E+12,තක්කාලි සෝස්,290,290,
4.79E+12,ජෙලි,220,220,
4.79E+12,ජෙලි,220,220,
4.79E+12,ජෙලි,220,220,
4.80E+12,නෝ සුප්කැට,100,100,
4.80E+12,මාමයිට්,360,360,
4.80E+12,මාමයිට්,695,695,
4.80E+12,නෝ සුප්,50,50,
4.79E+12,කරි තුනපහ,85,85,
4.79E+12,ඩව් ෂැම්පු,500,500,
4.80E+12,ඇසන්ස්,200,200,
554,පීමා පිටි,220,200,
8.89E+12,මාරි,100,100,
4.79E+12,නෙස්ටමෝල්ට්,780,770,
8.85E+12,සස්ටජන් ,3900,3900,
4.79E+12,ජෙලටින්,500,500,
4.79E+12,ජෙලටින්,350,350,
4.80E+12,බේකින් පවුඩර්,150,150,
4.80E+12,පපඩම් පැකට්,95,90,
4.79E+12,සිග්නල්,200,200,
258,සෝයා,700,650,
4.80E+12,අබා,230,220,
4.79E+12,කොලොන්,360,360,
4.79E+12,සිග්නල්,285,285,
4.79E+12,සිග්නල්,360,360,
4.79E+12,ෂැම්පු,520,520,
4.79E+12,ෂෙරමි පැක්,680,670,
4.79E+12,සිද්දාලේප,200,200,
4.79E+12,රත්ති,1050,1040,
4.79E+12,කෝපි,185,185,
4.80E+12,මැකරනි,280,275,
4.79E+12,සන්කුයික්,1310,1290,
4.79E+12,විනාකිරි,220,220,
4.79E+12,මිෂුමි සබන්,115,113,
4.80E+12,හදුන්කූරු,140,140,
4.79E+12,ගෝයා කීම්,350,350,
4.79E+12,බේබි කීම්,370,370,
4.80E+12,රින්,220,220,
4.80E+12,රින්,399,390,
4.80E+12,කහ පැකට්,110,110,
4.79E+12,සොසේජස්,160,160,
601,කෙන්දා,2000,1800,
602,අංගුලු,1800,1600,
604,පරව්,1800,1600,
606,බෝල්ලු,1200,980,
607,මඩු,1800,1650,
608,තෙප්පිලි,900,900,
609,සෙරයා,1800,1460,
610,කුකුලා කරවල,1800,1600,
613,කීරමින්,1200,1120,
614,බල,1400,1100,
611,කාරල්ලා,800,700,
618,ඉස්සා,2000,1800,
210,රත්න නාඩු,230,230,
128,මුං ඇට,1000,760,
453,දුංකල,125,120,
4.79E+12,ෂෙරමි,680,670,
4.79E+12,ඩෙන්ටා බුෂ්,130,130,
4.79E+12,හදුන්කූරු,140,140,
4.79E+12,වැස්ලින්,425,425,
4.80E+12,රින්,99,99,
4.79E+12,වොන්ඩලයිට් ඩබල්,200,200,
4.79E+12,සැමන්,600,480,
401,හුනු පැකට්,10,10,
603,අංගුලු,1800,1600,
4.79E+12,කිරි තේ,440,440,
4.79E+12,කිස්ටල් සබන්,120,118,
4.79E+12,ෂැම්පු පැකට්,290,290,
4.79E+12,හාපික්,265,265,
420,ෂැම්පු බෝතල්,500,500,
421,ඩැන්ඩෙක්ස්,400,400,
425,සන්සිල්ක්,400,400,
428,ක්ලියර්,500,500,
427,කුමාරිකා,400,400,
419,ඩව් ෂැම්පු,500,450,
800,ලන්ෂීට්,90,80,
357,සර්වියට්,280,260,
279,ගිනිපෙට්ටි,2880,1975,
4.79E+12,ටී ටයිම්,300,300,
4.79E+12,ගෝයා සබන්,125,120,
4.79E+12,බැටරිකෑලි,120,120,
487,කම්බිදැල්,60,60,
4.79E+12,හෑන්ඩ් වොෂ්,550,550,
4.79E+12,කොහොඹ සබන්,140,138,
4.79E+12,හදුන්කූරු,140,140,
4.79E+12,ගෝයා සබන්,125,120,
4.79E+12,දීවා,430,3801,
4.79E+12,නූඩ්ල්ස්,420,410,
4.79E+12,සෝස් පැකට්,20,20,
4.79E+12,සබන් කුඩු,190,185,
4.79E+12,ක්ලෝගාඩ්,250,245,
4.79E+12,රත්මල්,130,125,
4.79E+12,කුමාරිකා,300,300,
4.79E+12,පවුඩර්,300,300,
4.80E+12,ක්ලෝරෙක්ස්,65,65,
4.79E+12,අයුෂ්,235,235,
4.79E+12,පොල්කිරි,90,90,
4.79E+12,නූඩ්ල්ස්,420,390,
4.80E+12,සෝස් පැකට්,20,20,
4.79E+12,පැනි බීම,270,270,
4.80E+12,ගිනිපෙට්ටි,240,230,
4.79E+12,ෂැම්පු,300,300,
4.79E+12,ඇය,150,150,
4.80E+12,පැලවත්ත කිරි,1080,1070,
4.79E+12,කොත්තු මී,130,130,
4.79E+12,ඇන්කර්,550,545,
4.80E+12,බීම කුඩු,395,385,
4.79E+12,ක්ලෝරෙක්ස්,190,190,
4.79E+12,කොහොබ සබන්,125,120,
4.80E+12,සබන් කුඩු,575,575,
4.79E+12,බුෂ්,100,88,
4.79E+12,පැනි බීම,380,380,
4.79E+12,මැලිබන් කිරි,1050,1040,
4.79E+12,නූඩ්ල්ස්,99,99,
4.80E+12,සෝයා,60,60,
4.80E+12,විම්,60,60,
4.79E+12,ඩව්,750,750,
4.80E+12,සුප් කැට,600,590,
4.79E+12,ෂෙරමි,145,140,
4.79E+12,පැනි බීම,270,270,
4.79E+12,කොකා කෝලා,170,170,
4.79E+12,සුපර්ග්ලූ,95,95,
4.79E+12,අයිස්,1030,1030,
4.79E+12,බීම,380,380,
4.79E+12,පවුඩර්,330,330,
4.80E+12,සබන් කුඩු,190,190,
4.79E+12,චොක්ලට්,120,120,
4.80E+12,මාගරින්,650,640,
4.79E+12,දෙවෙනි බත,270,260,
4.80E+12,පාන් කුඩු,200,200,
4.79E+12,ටිකිරි,90,90,
4.79E+12,නූඩ්ල්ස්,130,130,
4.79E+12,නූඩ්ල්ස්,130,130,
4.80E+12,නූඩ්ල්ස්,315,310,
4.80E+12,මාගරින්,1900,1900,
406,පන්ච් කෑලි,50,40,
4.79E+12,කපුරු,160,160,
4.80E+12,හදුන්කූරු,50,50,
369,කෑනිස්සා,2000,1800,
399,උම්මලකඩ,3000,2480,
398,උම්මලකඩ කෑලි,2500,2200,
207,කිරි සම්බා,300,260,
426,කන්ඩිෂනර්,800,700,
481,නිල්මා,150,150,
123,කඩල,400,380,
750,ආප්ප සෝඩා,600,400,
286,පොත් කවර,50,50,
703,ටයර්,1000,1000,
704,ටියුබ්,800,700,
151,කුමාරිකා තෙල්,150,150,
156,ටොපි,5,5,
158,හැක්ස්,750,680,
162,ජුජුස්,500,500,
163,ජෙලි,500,500,
180,බබල්ගම්,2,2,
559,ග්ලූකෝස්,200,200,
536,සබන්පෙට්ටි,100,100,
514,ඉටිපන්දම්,5,5,
4.79E+12,සන්කුයික්,660,650,
4.79E+12,ටයිල්ක්ලීනර්,300,300,
4.79E+12,වැස්ලින්,470,470,
4.79E+12,බයෝක්ලීන්,410,410,
4.79E+12,අමිර්තා,150,145,
4.79E+12,යෝගට් පානය,160,160,
10000,බීම කුඩු,1000,900,
4.79E+12,කෝපි,370,370,
4.79E+12,සිද්දාලේප,110,99,
4.79E+12,සිද්දාලේප,285,285,
4.79E+12,සිද්දාලේප,60,60,
4.79E+12,බාම්,100,100,
4.79E+12,අයඩෙක්ස්,190,172,
4.79E+12,සිද්දාලේප,120,120,
4.79E+12,නූඩ්ල්ස්,125,125,
4.79E+12,ඇය,150,150,
4.79E+12,අමිර්තා,150,150,
4.79E+12,කෝපි,25,25,
4.79E+12,ඇය,150,150,
4.79E+12,අමිර්තා,150,150,
4.79E+12,කෝපි,25,25,
4.79E+12,පෙයාස් කොලොන්,360,360,
4.79E+12,පෙයාස් කොලොන්,360,360,
4.79E+12,පෙයාස් කොලොන්,575,575,
4.79E+12,පෙයාස් කොලොන්,360,360,
4.79E+12,පෙයාස් කොලොන්,360,360,
4.79E+12,පෙයාස් කොලොන්,360,360,
4.79E+12,පෙයාස් පවුඩර්,315,315,
4.79E+12,පෙයාස් කුීම්,800,800,
4.79E+12,පෙයාස් කුීම්,1100,1100,
4.79E+12,පෙයාස් කුීම්,370,370,
4.79E+12,පෙයාස් කුීම්,270,270,
4.79E+12,පෙයාස් කුීම්,370,370,
4.79E+12,පෙයාස් කුීම්,180,180,
4.79E+12,පෙයාස් කුීම්,800,800,
4.79E+12,වැස්ලින්,780,780,
4.79E+12,සන්සිල්ක්,700,700,
4.80E+12,සන්සිල්ක්,150,150,
4.79E+12,සන්සිල්ක්,700,700,
4.79E+12,සන්සිල්ක්,385,385,
4.79E+12,සන්සිල්ක්,625,625,
4.79E+12,සන්සිල්ක්,625,625,
4.79E+12,සන්සිල්ක්,150,150,
4.79E+12,සන්සිල්ක්,335,335,
4.79E+12,සන්සිල්ක්,625,625,
4.79E+12,සන්සිල්ක්,700,700,
4.80E+12,සන්සිල්ක්,150,150,
4.79E+12,ල ෂැම්පු,300,300,
4.79E+12,ල ෂැම්පු,520,520,
4.79E+12,ල ෂැම්පු,520,520,
4.79E+12,ල ෂැම්පු,470,470,
4.79E+12,ල ෂැම්පු,520,520,
4.79E+12,ල ෂැම්පු,520,520,
4.79E+12,ල ෂැම්පු,130,130,
4.79E+12,ඩව්,800,800,
4.79E+12,ඩව,750,750,
4.79E+12,ඩව,500,500,
4.79E+12,ඩව,500,500,
4.79E+12,ඩව,500,500,
4.79E+12,ඩව,750,750,
4.79E+12,ඩව,750,750,
4.80E+12,ආයුෂ්,845,845,
4.79E+12,ආයුෂ්,460,460,
4.79E+12,ක්ලියර්,870,870,
4.79E+12,ක්ලියර,470,470,
4.79E+12,සන්සිල්ක්,625,625,
4.79E+12,ක්ලියර,490,490,
4.79E+12,බේබි වොෂ්,870,870,
4.79E+12,බේබි වොෂ්,400,400,
4.79E+12,ෂෙරමි කුීම්,360,360,
4.79E+12,ෂෙරමි කුීම්,185,185,
4.79E+12,ෂෙරමි කුීම්,185,185,
4.79E+12,කොලොන්,360,360,
4.79E+12,කොලොන්,575,575,
4.79E+12,ගෝයා,350,350,
4.79E+12,ගෝයා,350,350,
4.79E+12,වෙල්වට්,400,400,
4.79E+12,වෙල්වට්,400,400,
4.79E+12,වෙල්වට්,400,400,
4.79E+12,කොලොන්,290,290,
4.79E+12,බේබි ඔයිල්,450,450,
4.79E+12,බේබි ෂැම්පු,280,280,
4.79E+12,බේබි ෂැම්පු,280,280,
4.79E+12,ජෙල්,320,320,
4.80E+12,සන්සිල්ක්,150,150,
4.79E+12,ඩෙටෝල්,135,135,
4.79E+12,ඩෙටෝල්,135,135,
4.79E+12,ඩෙටෝල්,135,135,
4.79E+12,ඩෙටෝල්,135,135,
4.79E+12,වෙල්වට්,125,125,
4.79E+12,වෙල්වට්ි,125,120,
4.79E+12,වෙල්වට්ි,130,125,
4.80E+12,කැලින්,125,125,
4.80E+12,කැලින්,125,125,
4.80E+12,කැලින්,125,125,
4.79E+12,සූුප්පු,260,260,
4.79E+12,සූුප්පු,950,950,
4.79E+12,සූුප්පු,960,960,
4.80E+12,කැලින්,90,90,
4.80E+12,කැලින්,90,90,
4.80E+12,කැලින්,90,90,
4.80E+12,කැලින්,125,120,
4.80E+12,කැලින්,175,1703,
4.79E+12,ෂේවින් පොම්,525,525,
4.79E+12,ෂේවින් පොම්,1750,1750,
4.79E+12,ෂේවින් පොම්,525,525,
4.79E+12,ෂේවින් පොම්,950,950,
4.80E+12,බෙලෝස්,390,390,
4.80E+12,බෙලෝස්,195,195,
4.80E+12,මසාජ් ටොනික්,490,490,
4.79E+12,රානි පවුඩර්,350,350,
4.79E+12,පැරිස්,200,200,
4.79E+12,රානි පවුඩර්,350,350,
4.79E+12,පැරිස්,200,200,
4.79E+12,කොහොඹි පවුඩර්,350,350,
4.79E+12,පවුඩර්,175,175,
4.79E+12,බ්ලැක් නයිට්,250,250,
4.79E+12,බ්ලැක් නයිට්,180,180,
4.79E+12,පොන්ඩ්ස්,530,530,
4.80E+12,පොන්ඩ්ස්,530,530,
4.79E+12,සෙන්ට්,850,850,
4.80E+12,චන්දනාලේප බොඩිලෝෂන්,420,420,
4.80E+12,චන්දනාලේප බොඩිලෝෂන්,420,420,
4.80E+12,චන්දනාලේප පේස්වොෂ්,390,390,
4.80E+12,චන්දනාලේප පේස්වොෂ්,420,420,
4.80E+12,චන්දනාලේප පේස්වොෂ්,420,420,
8.90E+12,නවරත්න ඔයිල්,220,220,
4.80E+12,නෙලුම්තෙල්,380,380,
4.79E+12,කේෂා,250,250,
4.79E+12,කේෂා,250,250,
4.79E+12,චන්දනාලේප ,720,720,
4.79E+12,බොඩිලෝෂන්,650,650,
4.79E+12,බොඩිලෝෂන්,390,390,
4.79E+12,බොඩිලෝෂන්,390,390,
4.79E+12,බොඩිලෝෂන්,390,390,
4.79E+12,බේබි වොෂ්,280,280,
4.79E+12,බේබි ෂැම්පු,280,280,
4.79E+12,බේබි කොලොන්,500,500,
4.79E+12,බේබි කොලොන්,500,500,
4.79E+12,බේබි කොලොන්,500,500,
4.79E+12,පැන්ඩා කුීම්,330,330,
4.79E+12,පැන්ඩා කුීම්,330,330,
4.79E+12,පැන්ඩා කුීම්,330,330,
4.79E+12,කොහොඹි පවුඩර්,300,300,
4.79E+12,කොහොඹි බේබිකිුම්,185,185,
4.79E+12,බේබිකිුම්,185,185,
4.79E+12,බේබිකිුම්,350,350,
4.79E+12,බේබිකිුම්,350,350,
4.79E+12,බේබිකිුම්,350,350,
4.79E+12,පේස්වොෂ්,370,370,
4.79E+12,පේස්වොෂ්,370,370,
4.79E+12,පේස්වොෂ්,195,195,
4.79E+12,ෂැම්පු,350,350,
4.79E+12,කොලොන්,360,360,
8.44E+12,සෙන්ට්,350,350,
8.90E+12,හැන්ඩ්සම්,450,450,
4.79E+12,කොලොන්,360,360,
4.79E+12,ෂෙරමි සබන්,145,145,
4.79E+12,ෂෙරමි පැක්,435,385,
4.79E+12,කොහොඹ බේබි,140,140,
4.79E+12,දෙලුම්,130,130,
1001,සිගරට්,2100,2050,
8.90E+12,පොකට්,320,320,
8.90E+12,පොකට්,320,320,
8.90E+12,පොකට්,320,320,
4.80E+12,වොන්ඩලයිට් ,80,80,
4.79E+12,සන්ලයිට්,150,145,
4.79E+12,සන්ලයිට්,150,145,
4.79E+12,ලයිප්බොයි ,125,125,
4.79E+12,ලයිප්බොයි ,150,150,
4.79E+12,පෙයාස් සබන්,145,140,
8.90E+12,කම්ෂ්ර්ට් ,1290,1290,
4.80E+12,විම් දියර,425,425,
4.80E+12,සන්ලයිට් කෙයා,590,590,
4.79E+12,දීවා,25,25,
4.79E+12,දීවා,430,380,
4.79E+12,දීවා,430,380,
4.79E+12,දීවා,430,380,
4.79E+12,දීවා,25,25,
4.79E+12,දීවා,99,99,
4.79E+12,දිරිය,350,300,
4.80E+12,සන්ලයිටි කුඩු,450,380,
4.80E+12,සන්ලයිටි කුඩු,450,380,
4.80E+12,සන්ලයිටි කුඩු,25,25,
4.80E+12,සන්ලයිටි කුඩු,25,25,
4.80E+12,රින්,20,20,
4.80E+12,සර්පෙක්සල්,540,540,
4.80E+12,සර්පෙක්සල්,400,400,
4.80E+12,සුපිරිසිදු,330,330,
4.80E+12,එයා පෙෂ්නර්,670,670,
4.80E+12,ග්ලාස් ක්ලීනර්,450,450,
4.79E+12,ලයිසෝල්,250,250,
4.79E+12,ලයිසෝල්,250,250,
4.79E+12,ලයිසෝල්,250,250,
4.79E+12,කාර් වොෂ්,400,400,
4.79E+12,ක්ලෝරෙක්ස්,290,290,
8.90E+12,හිට්,1050,1050,
8.90E+12,හිට්,790,790,
4.79E+12,මෝටීන්,1350,1350,
4.79E+12,හාපික්,480,480,
4.79E+12,හාපික්,480,480,
4.79E+12,හාපික්,480,480,
4.79E+12,ලයවිසෝල්,500,500,
4.79E+12,ඩෙටෝල් දියර,195,195,
4.79E+12,ඩෙටෝල් දියර,340,340,
8.90E+12,ගුඩ් නය්ට්,800,800,
8.90E+12,ගුඩ් නය්ට්,180,180,
4.79E+12,රාවන්,260,260,
8.90E+12,අමින්ස්,250,250,
4.80E+12,ඩයි,185,185,
8.90E+12,හිට් ලයින්,160,160,
4.79E+12,හෙනා ෂැම්පු,480,480,
4.79E+12,බේබි පැක්,1300,1300,
4.79E+12,පැනි බීම,170,170,
4.79E+12,හදුන්කූරු,30,30,
8.72E+12,ලිප්ටන්,725,725,
4.79E+12,ටී බෑග්,620,595,
8.72E+12,ලිප්ටන් තේ,370,370,
5.06E+12,ලාඕජී,295,260,
5.06E+12,ලාඕජී,150,130,
5.06E+12,ලාඕජී,615,615,
4.80E+12,කහට පොරොන්දුව,95,95,
4.79E+12,රන් කහට,50,50,
4.79E+12,හෙන්ඩ්ර්ක් තේ,210,210,
5.06E+12,සිලොන්ටා ,180,180,
8.72E+12,ලිප්ටන්,190,190,
4.79E+12,රසමුසු,30,30,
4.80E+12,උම්මලකඩ පවුඩර්,60,60,
4.79E+12,නෙස්ටි,70,70,
4.80E+12,පියෝඩෙල්,60,60,
4.79E+12,නෙස්ටමෝල්ට්,60,60,
4.80E+12,වීවා,70,70,
4.79E+12,ඇන්කර්,215,215,
4.79E+12,රත්ති,215,215,
4.80E+12,බීම කුඩු,40,40,
8.89E+12,බිස්කට් පැකට්,50,50,
4.79E+12,සමපෝෂ,100,100,
4.79E+12,මයිලෝ,50,50,
4.79E+12,රත්ති,70,68,
4.80E+12,බීම කුඩු,40,40,
6.92E+12,පිනට්,60,60,
6.92E+12,පිනට්,280,280,
4.79E+12,පිනට්,150,150,
4.80E+12,පිනට්,170,170,
4.80E+12,කම්ෂ්ර්ට් ,80,80,
4.79E+12,නිව්දෝෂ,25,25,
4.80E+12,පිනට්,320,320,
4.79E+12,ටිපිටිප්,60,53,
4.79E+12,ටිපිටිප්,80,80,
8.89E+12,බිස්කට් පැකට්,50,50,
8.89E+12,බිස්කට් පැකට්,50,50,
8.89E+12,බිස්කට් පැකට්,50,50,
8.89E+12,බිස්කට් පැකට්,50,50,
8.89E+12,බිස්කට් පැකට්,50,50,
4.80E+12,සෙන්ටපුට්,10,10,
4.79E+12,පෙබල්ස්,20,20,
4.79E+12,චොකො නට්,20,20,
8.89E+12,පෙබල්ස්,20,20,
4.79E+12,පෙබල්ස්,20,20,
4.79E+12,නික් නැක්,20,20,
4.80E+12,ඇස්ටුා,200,200,
4.80E+12,ඇස්ටුා,950,950,
4.80E+12,ඇස්ටුා,525,525,
4.79E+12,මයිලෝ,150,150,
4.79E+12,නෙස්කපේ,150,150,
4.80E+12,බටර්,850,850,
4.79E+12,නිව්ඩෙල්,140,140,
4.79E+12,නිව්ඩෙල්,140,140,
4.79E+12,වෑම්,140,140,
4.79E+12,වෑම්,140,140,
4.79E+12,වෑම්,140,140,
4.79E+12,යෝගට් පානය,160,160,
4.79E+12,යෝගට්,80,80,
4.79E+12,යෝගට්,80,80,
10230091,යෝගට්,80,80,
4.79E+12,කන්නයි බොන්නයි,130,130,
4.79E+12,කන්නයි බොන්නයි,130,130,
4.79E+12,බුෂ්,110,110,
4.79E+12,බුෂ්,120,120,
4.79E+12,හෙඩ්පාස්ට්,200,200,
4.80E+12,සෙන්ටපුට්,1100,950,
4.79E+12,ප්ලාස්ටර්,2000,1700,
4.80E+12,හිට්,100,100,
4.79E+12,සිග්නල්,105,105,
4.79E+12,සිග්නල්,200,200,
4.79E+12,සිග්නල්,85,85,
4.79E+12,ලයිෂ්බෝයි සබන්,185,180,
4.79E+12,ලයිෂ්බෝයි සබන්,160,155,
4.79E+12,ලයිෂ්බෝයි සබන්,160,155,
4.79E+12,නූඩ්ල්ස්,250,199,
4.79E+12,නූඩ්ල්ස්,150,150,
4.79E+12,රාමේන් නූඩ්ල්ස්,250,250,
4.79E+12,චොක්ලට්,230,230,
4.79E+12,චොක්ලට්,230,230,
4.79E+12,චොක්ලට්,540,540,
4.79E+12,චොක්ලට්,280,280,
4.79E+12,චොක්ලට්,50,50,
4.79E+12,චොක්ලට්,50,50,
4.79E+12,චොක්ලට්,120,120,
4.79E+12,චොක්ලට්,50,50,
4.79E+12,චොක්ලට්,230,2300,
4.79E+12,චොක්ලට්,230,230,
4.79E+12,ස්ටික්,220,220,
4.79E+12,චොක්ලට් ,400,400,
4.79E+12,පෙබල්ස්,380,380,
4.79E+12,ෂොක්,100,100,
4.79E+12,ෂොක්,300,300,
4.80E+12,බුෂ්,160,160,
4.79E+12,බබල්ගම්,500,500,
4.79E+12,කේක්,580,580,
4.79E+12,කේක්,350,350,
4.79E+12,කේක්,550,550,
443,පොඩි ගොසරි ,450,240,
431,ටුටි පැකට්,78,65,
21,අයිස් පැකට්,500,400,
366,උම්මලකඩ,3000,2800,
367,උම්මලකඩ කෑලි,2500,2200,
666,කිරි හට්ටි,200,200,
667,සොසේජස්,150,150,
749,ගොවියා සුරුට්ටු,1000,900,
389,රයින් බිඩි,3250,3250,
277,අමු පුවක්,20,20,
429,ඉගුරු,100,100,
448,බයිට්,1000,1000,
445,බනිස්,100,90,
748,රයින්,6000,5100,
393,බික්තල,100,100,
486,ලියුමු්කවර,10,10,
650,කිරි හට්ටි,100,100,
557,මි පැනි,2000,2000,
492,ටිපෙස්,180,180,
504,ග්ලුකෝස්,200,200,
539,නූල්,100,100,
186,වතුර,100,100,
187,වතුර,150,150,
188,වතුර,200,200,
600,පිරිත් නුල්,100,100,
488,බෝල,100,100,
485,ඩොට් කුප්පි,50,50,
4.79E+12,ජෑම්,350,350,
4.79E+12,ජෑම්,350,350,
4.79E+12,ලව්ලි,650,650,
6.97E+12,මයුරිපැන්,1425,1200,
4.79E+12,පාට පෙට්ටි,210,210,
4.79E+12,පෑන්,20,20,
999,පෑන්,25,25,
4.79E+12,සෝස්,490,490,
4.79E+12,මාලු සෝස්,675,675,
4.80E+12,ලයිම් ,180,180,
4.79E+12,චට්නි,325,325,
4.79E+12,චිකන් මසාලා,100,100,
4.79E+12,බිරියානි මසාලා,280,280,
4.80E+12,ජෑම් කප්,100,100,
4.79E+12,ජෙලි,230,230,
4.79E+12,ජෙලි,230,230,
4.79E+12,පුඩින්,185,185,
4.79E+12,බේකින් පවුඩර්,300,300,
4.79E+12,බේකින් පවුඩර්,220,220,
4.79E+12,සුප් කැට්,25,25,
4.79E+12,කෝන්ප්ලවර්,275,275,
4.79E+12,කස්ටඩ්,250,250,
4.80E+12,සුප් පැකට්,220,220,
4.80E+12,නෝ සුප් ,110,110,
4.80E+12,සුප් පැකට්,220,220,
4.80E+12,සුප් පැකට්,220,220,
4.79E+12,ආටා පිටි,270,270,
4.80E+12,ඉදි ආප්ප පිටි,345,345,
4.80E+12,ඉදි ආප්ප පිටි,310,310,
4.80E+12,උදු පිටි,470,470,
4.79E+12,ආප්ප පිටි,235,235,
4.79E+12,තෝසෙ පිටි,450,450,
4.80E+12,අයිසින්,240,240,
4.79E+12,කුරක්කන් පෝෂ,195,195,
4.80E+12,කෑලි මිරිස්,370,370,
4.80E+12,ගමම්රිස් කුඩු,115,115,
257,ගමම්රිස්කුඩු,2800,2600,
3.52E+12,මයුරිපෑන්,1305,1305,
4.80E+12,සැමන්,500,450,
4.79E+12,සැමන්,275,275,
4.79E+12,අමිර්තා,150,150,
4.79E+12,පෙම්ස්,270,270,
4.79E+12,පෙම්ස්,270,270,
4.79E+12,ඉවා,270,270,
4.79E+12,පැම්පස්,135,135,
4.79E+12,පැම්පස්,530,530,
4.79E+12,හදුන්කූරු,50,50,
4.79E+12,හදුන්කූරු,100,100,
4.79E+12,රස්ක්,300,300,
4.79E+12,රස්ක්,430,430,
4.79E+12,රස්ක්,300,300,
920,පොත්,100,100,
921,පොත්,150,150,
922,පොත්,200,200,
923,පොත්,250,250,
4.79E+12,විනාකිරි,300,300,
4.80E+12,විනාකිරි,195,195,
4.79E+12,විනාකිරි,185,185,
4.79E+12,කපුරු බෝල,530,510,
4.79E+12,කාවඩි්,40,40,
4.80E+12,ගිනි පෙට්ටි,20,20,
8.90E+12,රොබින් නිල්,255,255,
4.80E+12,තුනපහ,675,675,
4.79E+12,පස්පංගුව,100,100,
4.79E+12,කැස්ස පැනිය,590,590,
4.79E+12,පපඩම් පැකට්,150,150,
4.79E+12,ස්ටොක් පවුඩර්,1200,1200,
4.79E+12,චොක්ලට්,10,10,
4.80E+12,කිරි තේ,880,880,
4.79E+12,ලක්ස්පේු,1050,1040,
4.80E+12,සෝයා,170,170,
4.79E+12,සෝයා,180,180,
4.79E+12,සෝයා,180,180,
4.80E+12,සෝයා,60,60,
4.80E+12,සෝයා,170,170,
4.80E+12,සෝයා,170,170,
4.80E+12,සෝයා,60,60,
4.80E+12,සෝයා,170,170,
4.79E+12,කෝපි,105,105,
4.79E+12,කෝපි,195,195,
9.78E+12,සාම්බු්ානි,90,90,
4.79E+12,එලකිරි,550,550,
4.79E+12,මිල්ක්මේඩ්,790,790,
4.79E+12,නෙස්පේු කිලෝ,2450,2430,
4.79E+12,පොල්කිරි,440,440,
4.79E+12,පොල්කිරි,850,850,
4.79E+12,මයිලෝ,890,890,
4.79E+12,මයිලෝ,560,560,
4.80E+12,වීවා,580,580,
9.56E+12,නෙස්කපේ,1100,1100,
4.79E+12,ඇන්කර්,2620,2600,
4.79E+12,රත්ති,2620,2600,
4.79E+12,නෙස්ටමෝල්ට,620,610,
4.79E+12,රෙඩ් බුල්,350,350,
4.80E+12,ස්පිනර්,350,350,
4.80E+12,පැනි බීම,150,150,
4.80E+12,පැනි බීම,150,150,
4.80E+12,පැනි බීම,150,150,
4.79E+12,කෝමාරිකා පානය,320,320,
4.79E+12,කෝමාරිකා පානය,150,150,
4.79E+12,දිවුල්,320,320,
4.80E+12,නූඩ්ල්ස්,250,250,
4.79E+12,ස්පුයිට්,120,120,
4.79E+12,ස්පුයිට්,400,400,
4.79E+12,ස්පුයිට්,170,170,
4.79E+12,ස්මැක්,150,150,
4.80E+12,පැනි බීම,150,150,
4.80E+12,පැනි බීම,150,150,
4.80E+12,පැනි බීම,150,150,
4.80E+12,පැනි බීම,100,100,
4.80E+12,පැනි බීම,100,100,
4.79E+12,පැනි බීම,170,170,
4.79E+12,පැනි බීම,170,170,
4.79E+12,පැනි බීම,170,170,
4.80E+12,පැනි බීම,100,100,
4.79E+12,ස්මැක්,320,320,
4.79E+12,කොකා කෝලා,400,400,
4.79E+12,කොකා කෝලා,300,300,
4.79E+12,කොකා කෝලා,120,120,
4.79E+12,ස්මැක්,540,540,
4.79E+12,නෙක්ටො,380,380,
4.79E+12,නෙක්ටො,270,270,
4.79E+12,ස්පුයිට්,300,300,
4.79E+12,සන්කුයික්,3190,3190,
4.79E+12,වේපස්,100,100,
4.79E+12,වේපස්,230,230,
4.79E+12,වේපස්,490,490,
4.79E+12,චොක්ලට් මාරි,220,220,
4.79E+12,සෝඩා,180,180,
4.79E+12,පැම්පස්,115,105,
4.79E+12,කිරි තේ,880,880,
4.79E+12,රෙඩ් කව්,750,750,
4.79E+12,ඇන්ලින්,690,690,
4.79E+12,ඇන්ලින්,700,700,
4.79E+12,පීඩියාපොු්,830,830,
4.79E+12,පීඩියාපොු්,830,830,
4.79E+12,පීඩියාපොු්,1400,1390,
4.79E+12,නන් කිරිපිටි,1200,1200,
4.79E+12,ඇන්කර් 1-5,1190,1180,
4.80E+12,ලැක්ටේජන්,1800,1800,
4.80E+12,ලැක්ටේජන්,1200,1200,
4.80E+12,ලැක්ටෝජන්,1800,1800,
4.80E+12,නෑන් කිරිපිටි,2000,2000,
9.56E+12,සිරිලැක්,950,950,
9.56E+12,සිරිලැක්,950,950,
8.89E+12,බිස්කට් ටින්,700,700,
8.89E+12,බිස්කට් ටින්,700,700,
4.79E+12,සෝස් කෑන්,2400,2400,
4.79E+12,සෝස් කෑන්,1400,1400,
4.79E+12,සෝස් කෑන්,990,990,
4.79E+12,ලව්ලි,1055,1055,
4.79E+12,වැස්ලින්,235,235,
4.79E+12,වැස්ලින්,235,235,
4.79E+12,වැස්ලින්,200,200,
4.79E+12,වැස්ලින්,975,975,
4.79E+12,වැස්ලින්,425,425,
4.79E+12,වැස්ලින්,960,960,
4.79E+12,කුමාරිකා,500,500,
4.79E+12,කුමාරිකා,315,315,
4.79E+12,කුමාරිකා,500,500,
4.79E+12,කුමාරිකා,300,300,
4.79E+12,ජෙල්,100,100,
4.79E+12,ලව්ලි,385,385,
980,පොරි,1200,1200,
998,පෙරබිල,100,100,
4.79E+12,ලව්ලි,220,220,
4.79E+12,ක්ලෝගාඩ් ,130,130,
4.79E+12,සුදන්ත ඩබල්,320,320,
4.79E+12,සුදන්ත ,250,250,
4.79E+12,සුපිරිවිකි,200,200,
4.79E+12,කැකුලු,180,180,
8.90E+12,සෙන්සොඩයින්,450,450,
4.79E+12,සිග්නල්,240,240,
4.79E+12,ආයුෂ් දත්බෙහෙත්,285,285,
4.79E+12,ක්ලෝසප්,410,410,
4.79E+12,ක්ලෝසප් ,125,125,
4.80E+12,පොන්ඩ්ස් පේස්වොෂ්,670,670,
4.79E+12,පොන්ඩ්ස් පේස්වොෂ්,800,800,
4.79E+12,පොන්ඩ්ස් පේස්වොෂ්,670,670,
8.90E+12,පොන්ඩ්ස්,365,365,
4.79E+12,පොන්ඩ්ස්,680,680,
4.79E+12,පොන්ඩ්ස් ,385,385,
4.79E+12,රෙක්සෝනා,470,470,
4.79E+12,රෙක්සෝනා,470,470,
4.79E+12,රෙක්සෝනා,850,850,
4.79E+12,රෙක්සෝනා,800,800,
4.79E+12,රෙක්සෝනා,850,850,
4.79E+12,ලව්ලි,585,585,
4.79E+12,ලව්ලි,685,685,
4.79E+12,වැස්ලින්,1165,1165,
4.79E+12,ඩැන්ඩෙක්ස්,340,340,
4.79E+12,ඩැන්ඩෙක්ස්,540,540,
4.79E+12,කුමාරිකා,120,120,
3.09E+12,බික්තල,250,250,
8.90E+12,බික්තල,100,100,
266,ඩේටා කාඩ්,118,115,
4.79E+12,කුමාරිකා,160,160,
4.79E+12,ඩැන්ඩෙක්ස්,150,150,
8.90E+12,චික්,99,99,
4.80E+12,කුමාරිකා පානය,150,150,
8.89E+12,චොක්ලට් පප්,250,250,
4.79E+12, මැගී ටිකිරි,90,90,
4.80E+12,හදුන්කූරු,20,20,
483,ස්ටේපර් කටු,50,40,
493,ගම් බෝතල්,100,100,
501,වාර්නිෂ්,20,20,
503,බුවුන් පේපර්,50,40,
505,කටර්,100,80,
506,කටර්,50,40,
507,ස්ටිකර්,50,40,
522,පයිල් කවර,40,30,
524,බිස්ටල් බෝඩ්,75,60,
526,හාප්ෂීට්,5,5,
528,කතුරු,50,50,
529,පැන්සල් පෙට්ටි,250,200,
530,කෑම පෙට්ටි,300,300,
758,මකන,50,40,
621,පැන්සල්,50,40,
310,සෙලෝටේප්,60,50,
910,මල්කොල,50,50,
4.79E+12,පෙනඩෝල් පැනි,400,400,
523,ඒ පෝ කොල,5,5,
905,බීම බට,50,40,
4.79E+12,කොකා කෝලා,499,490,
4.79E+12,ස්පුයිට්,499,490,
756,මාගරින්,500,400,
4.79E+12,රාවන් හෙනා,260,260,
987,වෙනත්,100,100,
556,පිනිදිය,50,50,
567,අජිනමොටෝ,600,500,
548,ලයිටර්,50,40,
4.79E+12,මකන,25,25,
4.79E+12,චොක්ලට්,120,120,
496,ටොයිලට් බුෂ්,180,160,
546,බාටා,500,500,
4.79E+12,චොක්ලට්,100,100,
440,ටියුලිප් බෑග්,20,20,
441,ටියුලිප් බෑග්,30,30,
801,කුරක්කන් පිට්,600,500,
499,සාම්බුානි,100,100,
288,සාම්බුානි,200,200,
752,දන්තාමුක්ත,50,40,
533,පස්පංගුව,100,90,
18,උර,50,50,
203,රතුහාල්,200,200,
204,රතුහාල්,200,200,
4.79E+12,ගම් බෝතල්,320,320,
4.79E+12,ගම් බෝතල්,185,185,
4.79E+12,ගම් බෝතල්,75,75,
4.79E+12,පාට පැන්සල්,520,520,
4.79E+12,පාට පෙට්ටි,375,375,
4.79E+12,ප්ලැටිග්නම්,260,260,
4.80E+12,ටූත්පික්,120,120,
8.91E+12,පොලිෂ්,360,360,
4.79E+12,අඩිරූල්,40,40,
4.80E+12,හදුන්කූරු,20,20,
4.79E+12,නෙස්ටමෝල්ට්,1120,1110,
8.89E+12,නයිස්,430,430,
4.79E+12,වේපස්,230,230,
4.79E+12,වේපස්,490,485,
4.79E+12,වේපස්,490,485,
4.79E+12,ස්මැක්,150,150,
4.79E+12,ස්මැක්,150,150,
4.79E+12,සුදන්ත බුෂ්,90,90,
4.79E+12,චන්දනාලේප,320,320,
4.80E+12,චන්දනාලේප,240,240,
8.89E+12,ටී කුන්ච්,220,220,
4.79E+12,සැමන්,600,450,
4.79E+12,සන්සිල්ක්,625,625,
4.79E+12,ඉවා,270,260,
4.80E+12,වීවා,730,720,
4.79E+12,නෙස්ටමෝල්ට,390,390,
8.89E+12,පෙබල්ස්,80,80,
4.79E+12,නික්නැක්,20,20,
4.79E+12,සිග්නල්,280,280,
4.79E+12,ලක්ස්,125,125,
4.79E+12,ලව්ලි,650,650,
4.79E+12,පෙයාස් පැක්,680,680,
4.79E+12,ක්ලෝසප්,410,370,
4.79E+12,පෙයාස් කොලොන්,575,575,
127,කජ‘,1800,1600,
223,පාමිතෙල්,1100,920,
986,කෝන්ප්ලවර්,900,650,
190,ලොලිපොප්,1000,830,
4.79E+12,වෙනිවැල් සබන්,120,120,
4.80E+12,චන්දනාලේප,220,220,
4.80E+12,චන්දනාලේප සබන්,250,250,
4.80E+12,චන්දනාලේප සබන්,220,220,
4.79E+12,ආයුෂ්,220,220,
8.89E+12,ටිපින්,190,190,
4.80E+12,ටූනා සැමන්,580,400,
4.79E+12,කේෂා,250,250,
4.79E+12,පෙයාස් පැක්,680,680,
4.79E+12,රෙක්සෝනා සබන්,110,110,
4.79E+12,රෙක්සෝනා සබන්,110,110,
4.79E+12,පෙයාස් සබන්,145,140,
4.79E+12,සිග්නල්,240,240,
4.80E+12,විම් පවුඩර්,400,400,
4.80E+12,විම් දියර,285,285,
4.80E+12,විම් දියර,500,500,
339,ඇස්ටුා,20,20,
19,සනෙල්,1000,800,
22,ලනු,20,20,
153,මාරි පෙට්ටි,660,660,
740,යිස්ට්,3000,2800,
4.79E+12,පොපිට්,20,20,
538,බල්බ්,500,500,
515,අයිස්  ,100,100,
129,කවුපි,800,760,
4.80E+12,පොඩි සැමන්,250,240,
4.79E+12,වොන්ඩලයිට්ි,170,170,
4.79E+12,පැනි බීම,100,100,
4.79E+12,පැනි බීම,100,100,
4.79E+12,වැස්ලින්,300,300,
4.79E+12,කොටන්බටන්,225,200,
8.89E+12,කැුකර්,480,470,
8.89E+12,හවායින්,240,240,
4.79E+12,පෙයාස්පැක්,680,680,
8.89E+12,චොක්ලට් මාරි,100,100,
4.79E+12,හදුන්කූරු,150,150,
4.80E+12,විනාකිරි,295,290,
4.79E+12,පැස්ටා,350,340,
4.80E+12,නූඩ්ල්ස්,420,420,
4.79E+12,හදුන්කූරු,150,150,
4.79E+12,වේපස්,490,480,
4.80E+12,සන්ලයිට් කුඩු,90,90,
4.80E+12,සර්පෙක්ෂල්,150,150,
4.79E+12,සිග්නල්,320,320,
4.79E+12,ඉවා,150,150,
4.80E+12,තුනපහ,190,190,
4.80E+12,කහ,135,135,
4.79E+12,කෝපි,80,80,
211,අරලිය නාඩු,220,220,
4.79E+12,කෝපි,50,50,
4.79E+12,පොපිට්,20,18,
4.79E+12,වයිට් චොක්ලට්,50,50,
4.79E+12,ටියාරා කේක්,420,420,
4.80E+12,සැමන්,510,480,
4.79E+12,හදුන්කුරු,200,200,
612,කෙලවල්ල,1600,1400,
4.80E+12,රින් කිලෝ,360,360,
4.79E+12,පෙයාස් පැක්,680,680,
4.80E+12,සැමන්,495,385,
4.80E+12,සැමන්,500,385,
4.79E+12,වේපස්,420,410,
4.79E+12,වේපස්,40,40,
8.89E+12,කුැකර්,150,135,
4.79E+12,බයෝක්ලීන්,410,400,
4.80E+12,අබා ෂැම්පු,260,260,
4.79E+12,සිග්නල්,360,340,
4.79E+12,කුිස්ටල් සබන්,120,120,
4.80E+12,විම් දියර,375,370,
4.80E+12,සන්ලයිට් දියර,550,550,
4.80E+12,සන්ලයිටි දියර,370,370,
4.80E+12,සන්ලයිට් දියර,550,550,
4.79E+12,ස්ටික්,40,40,
4.79E+12,ඩෙටෝල් පැක්,270,270,
4.79E+12,සෙප්ගාඩ් සබන්,100,100,
4.79E+12,පැනි බීම,100,100,
4.79E+12,පැනිබිම,100,100,
4.79E+12,පැනිබිම,100,100,
8.90E+12,පොන්ඩ්ස් කුිම්,365,365,
8.90E+12,පොන්ඩ්ස්,470,470,
4.79E+12,ආයුෂ් කිුම්,235,235,
4.79E+12,ආයුෂ් පේස්වොෂ්,450,450,
4.79E+12,ආයුෂ් පේස්වොෂ්,280,280,
4.79E+12,ආයුෂ් කිුම්,780,780,
4.79E+12,කුමාරිකා,600,600,
4.79E+12,කුමාරිකා,600,600,
4.79E+12,කුමාරිකා,600,600,
4.79E+12,කුමාරිකා,350,350,
4.79E+12,කුමාරිකා,350,350,
4.79E+12,කුමාරිකා,350,350,
4.79E+12,කුමාරිකා,150,150,
4.79E+12,කුමාරිකා,150,150,
4.71E+12,බෙලෝස් ෂැම්පු,390,390,
4.79E+12,පෙයාස් කුිම්,370,330,
4.79E+12,පිටිකල පොල්කිරි,2200,1190,
4.80E+12,සෙන්රා,260,260,
4.80E+12,සෙන්රා,130,130,
4.79E+12,හයිලන්ඩ් කිරි,1050,1040,
4.80E+12,සෙන්රා,600,550,
4.79E+12,සුප්කැට,25,24,
8.89E+12,ෂෝටිස්,300,300,
4.79E+12,පැස්ටා,440,440,
4.79E+12,අමිර්තා,150,150,
4.79E+12,මිසුමි සබන්,115,110,
8.89E+12,කුැකර්,330,325,
4.79E+12,බයෝක්ලීන්,410,410,
4.79E+12,නෙස්ටමෝල්ට්,780,770,
753,කෝන්ප්ලවර්,900,650,
760,සෙන්ට්,400,350,
4.80E+12,ඩෙල්මාලයිට්,100,95,
4.80E+12,බුෂ් පොඩි,160,160,
4.79E+12,ෂෙරමි පැක්,385,385,
4.80E+12,මස්කරි,130,130,
8.89E+12,ලයිට්මාරි ලොකු,220,215,
8.89E+12,ලයිට්මාරි,50,50,
4.79E+12,කොටගල තේ,60,60,
4.80E+12,සාම්බු්ානි,80,80,
8.72E+12,රසකහට තේ,90,90,
8.44E+12,සෙන්ට්,400,350,
4.79E+12,ලයිසෝල්,250,250,
8.89E+12,ටිකිරි මාරි,90,81,
8.89E+12,ටිකිරි මාරි,330,325,
4.80E+12,සන්ලයිට් කුඩු,380,370,
4.79E+12,ඇන්කර්,1050,1040,
4.79E+12,රත්ති,2620,2600,
8.89E+12,ලෙමන් පප්,250,250,
8.89E+12,චො පප්,250,250,
8.89E+12,චො කුිම්,130,117,
4.80E+12,පැලවත්ත කිරි,540,535,
8.91E+12,කම්පර්ට්,300,300,
4.79E+12,වැස්ලින්,470,470,
8.89E+12,හවායින් පොඩි,130,130,
4.79E+12,ආයුෂ් දත්බෙහෙත්,220,220,
4.79E+12,මිට් බෝල්ස්,650,650,
4.79E+12,ගෝයා සබන්,90,90,
4.79E+12,ගෝයා සබන්,90,90,
4.79E+12,රෙක්සෝනා සබන්,110,110,
8.89E+12,චොක්ලට් පප් පොඩි,130,130,
8.89E+12,ලෙමන් පප් පොඩි,130,130,
5.06E+12,ලාඕජී,275,275,
5.06E+12,ලාඕජී 200,580,580,
4.79E+12,කහට රහට,400,400,
8.89E+12,ක්රන්චි බිස්කට්,100,100,
8.89E+12,නයිස් 400,430,430,
4.79E+12,චො  බිස්කට් ලොකු,410,410,
8.89E+12,කැකර්,230,230,
8.89E+12,කැකර්,200,200,
4.80E+12,සැමන්,560,560,
4.79E+12,සැමන්,380,380,
4.79E+12,ඩෙටෝල් පැක්,270,270,
4.79E+12,ආයුෂ් සබන්,125,120,
4.79E+12,ආයුෂ් සබන්,125,120,
4.79E+12,පෙයාස් සබන්,125,120,
4.79E+12,රත්මල් පැක්,390,390,
4.79E+12,පෙයාස් පැක්,680,680,
4.79E+12,පෙයාස් ඩබල්,200,200,
4.79E+12,ලක්ස් ඩබල්,200,200,
4.79E+12,සිග්නල්,240,240,
4.79E+12,පෙයාස් කුිම්,370,330,
4.79E+12,පෙයාස් කුිම්,180,180,
4.79E+12,පෙයාස් කොලොන්,360,360,
4.79E+12,පෙයාස් කොලොන්,575,575,
4.79E+12,පෙයාස් ඹයිල්,365,365,
4.79E+12,වැස්ලින්,960,960,
4.79E+12,වැස්ලින්,960,960,
4.79E+12,වැස්ලින්,960,960,
4.79E+12,වැස්ලින්,1165,1165,
4.79E+12,ආයුෂ් පේස්වොෂ්,280,280,
4.79E+12,ආයුෂ් පේස්වොෂ්,280,280,
4.79E+12,ආයුෂ් ,235,235,
4.79E+12,ලව්ලි,600,600,
4.79E+12,පොන්ඩ්ස් පේස්වොෂ්,240,240,
4.79E+12,පොන්ඩ්ස් පේස්වොෂ්,470,470,
4.79E+12,පොන්ඩ්ස් පේස්වොෂ්,240,240,
4.79E+12,පොන්ඩ්ස් පේස්වොෂ්,470,470,
4.79E+12,ල ෂැම්පු,340,340,
4.79E+12,ල ෂැම්පු,340,340,
4.80E+12,ස කුඩු,380,380,
4.79E+12,වොන්ඩලයට්,170,170,
4.79E+12,සනි සබන් කුඩු,20,20,
8.89E+12,කුැකර්,90,90,
4.79E+12,චොක්ලට කීම්,240,240,
4.79E+12,වේපස්,100,100,
4.79E+12,ලයිසොල්,500,500,
4.79E+12,බිම කුඩු,45,45,
4.80E+12,විම් පැක්,280,280,
4.79E+12,ජෙලි,350,350,
4.79E+12,රානි පැක්,575,575,
4.79E+12,කොහොබ පැක්,575,575,
4.80E+12,සෝස්,360,300,
4.79E+12,බිම කුඩු,225,220,
4.79E+12,මැලිබන් කිරි,1100,1090,
4.80E+12,සෝස්,190,190,
4.79E+12,ල ෂැම්පු,130,130,
6.94E+12,සැමන්,725,495,
4.80E+12,සැමන්,560,450,
4.79E+12,සැමන් පොඩි,270,240,
4.80E+12,ස කුඩු,320,310,
4.80E+12,විනාකිරි පොඩි,210,200,
5.06E+12,ලාඹිජි,150,150,
5.06E+12,රස කහට,100,100,
4.80E+12,සෝස්,20,20,
4.80E+12,විවා ,730,720,
4.79E+12,ස්ටාර්,150,125,
4.79E+12,බිම කුඩු,585,575,
4.79E+12,ඩෙන්ටා බුෂ්,130,130,
985,කොත්තු,360,360,
4.80E+12,ක්ලෝරෙක්ස්,110,110,
4.80E+12,සැමන්,560,450,
4.79E+12,සැමන් පොඩි,270,240,
4.80E+12,ස කුඩු,320,310,
4.80E+12,විනාකිරි පොඩි,210,200,
5.06E+12,ලාඹිජි,150,150,
5.06E+12,රස කහට,100,100,
4.80E+12,සෝස්,20,20,
4.80E+12,විවා ,730,720,
4.79E+12,ස්ටාර්,150,125,
4.79E+12,බිම කුඩු,585,575,
4.79E+12,ඩෙන්ටා බුෂ්,130,130,
985,කොත්තු,360,360,
4.80E+12,ක්ලෝරෙක්ස්,110,110,
4.79E+12,නෙස්ටමෝල්ට් 600,1120,110,
4.79E+12,නෙස්ටමෝල්ට් 400,780,775,
4.80E+12,ලයිම්ස්,550,550,
4.79E+12,ලයිම්ස්,170,170,
4.80E+12,සැමන්,1250,1250,
4.79E+12,සැමන්,560,530,
4.79E+12,තේ කුඩු,100,100,
4.79E+12,කහට රහට,100,100,
4.79E+12,සිග්නල්,280,280,
4.79E+12,සිග්නල්,340,340,
4.79E+12,සිග්නල් ,125,125,
4.79E+12,ගෝයා,90,90,
4.79E+12,ලක්ස්,125,120,
4.79E+12,ලක්ස් ,125,125,
4.79E+12,ලක්ස් ,125,125,
4.79E+12,ලක්ස් ,125,125,
4.79E+12,බිස්කට් පොඩි,50,50,
4.80E+12,ඩෙල්මලයිට් ඩබල්,170,170,
4.79E+12,ලයිප්බෝයි,110,110,
4.79E+12,ලයිප්බෝයි,110,110,
4.79E+12,ලයිප්බෝයි,105,100,
4.79E+12,ආයුෂ් දත්බෙහෙත්,285,285,
4.79E+12,චීස් පෙට්ටි,560,560,
4.79E+12,කිරි තේ,65,63,
8.90E+12,හිට් ,160,160,
4.80E+12,විම් දියර,150,150,
4.79E+12,බිස්කට් පැකට්,50,50,
4.80E+12,රින්,170,170,
4.80E+12,විවා,740,700,
4.79E+12,පෙයාස් පැක්,540,540,
4.79E+12,පෙයාස් පැක්,540,540,
4.79E+12,පෙයාස් සබන්,125,120,
4.79E+12,පෙයාස් සබන්,125,120,
4.79E+12,පෙයාස් සබන්,125,120,
4.79E+12,බිස්කට් පැකට්,50,50,
4.79E+12,ටිකිරි නුඩ්ල්ස්,75,75,
8.89E+12,කැකර්,350,330,
4.79E+12,ගෝයා,90,85,
4.79E+12,පෙයාස් සබන්,145,140,
4.79E+12,කොහොබ බේබි,130,125,
4.79E+12,ඩෙටෝල් සබන්,115,115,
4.79E+12,වොන්ඩලයිට් ඩබල්,200,200,
4.79E+12,කොටන්බට්,200,200,
4.80E+12,කැලින් සබන්,125,120,
4.79E+12,කුිස්ටල් සබන්,110,110,
4.79E+12,මාලු සෝස්,370,370,
4.79E+12,සෝයා සෝස්,180,180,
4.79E+12,මයොනිස්,400,400,
4.79E+12,බේකින් පවුඩරි,380,380,
4.79E+12,මිල්ක්මේඩ්,890,890,
4.79E+12,ජැම්,350,350,
4.79E+12,අබ කුිම්,380,380,
4.79E+12,චට්නි,390,390,
4.79E+12,බේකින් පවුඩරි,200,200,
4.79E+12,මයිලො,100,90,
4.79E+12,නෙස්කපේ,70,70,
4.80E+12,සන්ලයිටි කුඩු,320,320,
4.79E+12,රින්,300,290,
4.80E+12,සර්පෙක්සල්,100,100,
8.91E+12,කම්පර්ට්,300,300,
8.91E+12,කම්පර්ට්,1160,1150,
8.91E+12,කම්පර්ට්,1160,1150,
4.80E+12,සන්ලයිට් දියර,445,440,
4.79E+12,ටිපිටිප්,80,80,
4.79E+12,අනියන් බිස්කට්,50,50,
8.44E+12,සෙන්ට්,450,350,
8.44E+12,සෙන්ට්,450,350,
8.44E+12,සෙන්ට්,450,350,
4.79E+12,මයිලෝ,50,50,
4.80E+12,සබන් කුඩු,180,180,
4.79E+12,නෙස්පේ,60,60,
4.79E+12,නෙස්ටමෝල්ට්,60,57.5,
4.79E+12,බිම කුඩු,120,120,
4.79E+12,බිස්කට්,50,50,
4.79E+12,සෝයා,180,175,
4.79E+12,පිනට්,60,60,
4.80E+12,පොලිෂ්,350,340,
4.79E+12,උනො,20,30,
439,3 ෂොපින්,800,420,
267,ඩේටා කාඩ්,159,155,
757,මෙගා බිඩි,5200,3300,
278,ගිනිපෙට්ටි පැකට්,240,190,
